id,name,email,phone,website,city,zip_code,birth_date
1,Ali Garcia,ali.garcia1@example.com,+212694807062,https://www.company1.com,Agadir,36240,1985-03-13
2,Emma Garcia,emma.garcia2@example.com,+212649268996,https://www.company2.com,Tangier,61194,1984-01-27
3,Sara Smith,sara.smith3@example.com,+212676786548,https://www.company3.com,Casablanca,23958,1979-04-24
4,Jane Wilson,jane.wilson4@example.com,+212661125505,https://www.company4.com,Tangier,17335,1984-12-31
5,Sara Johnson,sara.johnson5@example.com,+212624312892,https://www.company5.com,Agadir,23231,1978-10-25
6,Ali Taylor,ali.taylor6@example.com,+212674515159,https://www.company6.com,Agadir,54302,2016-11-11
7,Mia Hassan,mia.hassan7@example.com,+212663287772,https://www.company7.com,Rabat,70171,2017-07-07
8,John Wilson,john.wilson8@example.com,+212619900422,https://www.company8.com,Rabat,55346,1993-04-22
9,Sara Khan,sara.khan9@example.com,+212689318848,https://www.company9.com,Agadir,45636,1977-04-03
10,Jane Khan,jane.khan10@example.com,+212658256051,https://www.company10.com,Fes,71598,1994-03-24
11,John Hassan,john.hassan11@example.com,+212650714488,https://www.company11.com,Casablanca,11906,2014-09-04
12,David Martin,david.martin12@example.com,+212610680865,https://www.company12.com,Marrakech,12525,1999-11-22
13,Noah Garcia,noah.garcia13@example.com,+212665268387,https://www.company13.com,Agadir,17665,2010-02-02
14,John Johnson,john.johnson14@example.com,+212621516744,https://www.company14.com,Tangier,43913,1997-06-13
15,Emma Lee,invalid-email,+212662887804,https://www.company15.com,Tangier,44983,1974-01-17
16,Mia Smith,mia.smith16@example.com,+212678041669,https://www.company16.com,Casablanca,19490,1987-10-10
17,Emma Johnson,emma.johnson17@example.com,+212621746188,https://www.company17.com,Fes,ZZ999,2000-10-27
18,Sara Wilson,sara.wilson18@example.com,123ABC,https://www.company18.com,Fes,70222,1972-12-23
19,Lina Garcia,lina.garcia19@example.com,+212612971182,https://www.company19.com,Rabat,54952,1986-06-12
20,John Brown,john.brown20@example.com,+212636408492,htp:/bad,Rabat,77739,1971-06-14
21,Sara Johnson,sara.johnson21@example.com,+212665346800,https://www.company21.com,Agadir,76471,2002-01-07
22,John Wilson,john.wilson22@example.com,+212667637032,https://www.company22.com,Marrakech,78093,2026-99-99
23,Omar Brown,omar.brown23@example.com,+212684907562,https://www.company23.com,Agadir,16063,1993-06-23
24,Lina Khan,lina.khan24@example.com,+212637785145,https://www.company24.com,Casablanca,55165,1976-10-14
25,Lina Lee,lina.lee25@example.com,+212675457071,https://www.company25.com,Rabat,35579,1989-12-12
26,David Martin,david.martin26@example.com,+212641994605,https://www.company26.com,Tangier,77699,1976-04-30
27,Mia Brown,mia.brown27@example.com,+212641914648,https://www.company27.com,Rabat,36757,2016-06-01
28,Jane Hassan,jane.hassan28@example.com,+212697371237,https://www.company28.com,Marrakech,32041,1976-08-28
29,David Garcia,david.garcia29@example.com,+212664303552,https://www.company29.com,Rabat,21263,2011-02-09
30,Noah Lee,invalid-email,+212671224574,https://www.company30.com,Marrakech,15323,2003-10-26
31,Mia Johnson,mia.johnson31@example.com,+212659217564,https://www.company31.com,Agadir,76771,2009-02-21
32,Noah Hassan,noah.hassan32@example.com,+212626957696,https://www.company32.com,Rabat,80616,1992-08-04
33,John Taylor,john.taylor33@example.com,+212617078010,https://www.company33.com,Marrakech,61276,1971-12-24
34,David Hassan,david.hassan34@example.com,+212648650574,https://www.company34.com,Casablanca,ZZ999,2018-10-31
35,David Lee,david.lee35@example.com,+212635730183,https://www.company35.com,Marrakech,60820,1989-09-14
36,Noah Garcia,noah.garcia36@example.com,123ABC,https://www.company36.com,Casablanca,42131,1970-09-29
37,Sara Hassan,sara.hassan37@example.com,+212634787234,https://www.company37.com,Casablanca,53436,1979-07-16
38,David Wilson,david.wilson38@example.com,+212657753551,https://www.company38.com,Fes,81995,1973-09-27
39,Jane Brown,jane.brown39@example.com,+212670552587,https://www.company39.com,Marrakech,60796,1982-04-29
40,Omar Brown,omar.brown40@example.com,+212661955939,htp:/bad,Tangier,53694,1980-10-21
41,John Taylor,john.taylor41@example.com,+212674841098,https://www.company41.com,Rabat,96685,2001-03-12
42,Noah Martin,noah.martin42@example.com,+212662834602,https://www.company42.com,Marrakech,51736,1978-07-21
43,Mia Brown,mia.brown43@example.com,+212684403829,https://www.company43.com,Casablanca,88344,2013-12-28
44,John Khan,john.khan44@example.com,+212688304276,https://www.company44.com,Fes,63650,2026-99-99
45,Sara Taylor,invalid-email,+212639651761,https://www.company45.com,Tangier,58546,1974-03-27
46,John Lee,john.lee46@example.com,+212637353095,https://www.company46.com,Casablanca,20099,1989-12-30
47,Ali Martin,ali.martin47@example.com,+212657342734,https://www.company47.com,Marrakech,21318,2009-12-12
48,Mia Smith,mia.smith48@example.com,+212669721471,https://www.company48.com,Tangier,39724,1982-03-16
49,John Wilson,john.wilson49@example.com,+212630909356,https://www.company49.com,Marrakech,68521,2006-07-18
50,Ali Taylor,ali.taylor50@example.com,+212654993029,https://www.company50.com,Fes,66874,2018-04-18
51,Omar Smith,omar.smith51@example.com,+212696574644,https://www.company51.com,Casablanca,ZZ999,1990-04-21
52,David Brown,david.brown52@example.com,+212649028071,https://www.company52.com,Tangier,14588,1971-08-03
53,Noah Khan,noah.khan53@example.com,+212637316884,https://www.company53.com,Agadir,92763,2000-03-22
54,John Khan,john.khan54@example.com,123ABC,https://www.company54.com,Marrakech,28176,1997-08-24
55,Lina Khan,lina.khan55@example.com,+212656095879,https://www.company55.com,Casablanca,68150,2017-06-22
56,Omar Garcia,omar.garcia56@example.com,+212669241234,https://www.company56.com,Tangier,83771,1992-12-08
57,Lina Garcia,lina.garcia57@example.com,+212638543632,https://www.company57.com,Rabat,23762,2009-03-22
58,Ali Lee,ali.lee58@example.com,+212675171885,https://www.company58.com,Fes,84466,2004-01-14
59,Ali Johnson,ali.johnson59@example.com,+212654650180,https://www.company59.com,Rabat,83949,1983-05-09
60,Jane Taylor,invalid-email,+212643958603,htp:/bad,Agadir,48670,1982-03-26
61,Lina Lee,lina.lee61@example.com,+212626123164,https://www.company61.com,Rabat,65359,1973-06-20
62,Sara Brown,sara.brown62@example.com,+212660871995,https://www.company62.com,Casablanca,93263,1990-05-04
63,Omar Hassan,omar.hassan63@example.com,+212689585344,https://www.company63.com,Casablanca,78433,2000-08-22
64,Noah Johnson,noah.johnson64@example.com,+212667773749,https://www.company64.com,Casablanca,29603,1986-08-03
65,Omar Martin,omar.martin65@example.com,+212666592333,https://www.company65.com,Casablanca,80642,1994-09-22
66,Emma Wilson,emma.wilson66@example.com,+212647019114,https://www.company66.com,Casablanca,51553,2026-99-99
67,Ali Khan,ali.khan67@example.com,+212625812156,https://www.company67.com,Tangier,61491,1991-06-24
68,David Johnson,david.johnson68@example.com,+212678147245,https://www.company68.com,Rabat,ZZ999,1974-11-12
69,John Brown,john.brown69@example.com,+212657583517,https://www.company69.com,Rabat,64198,1970-12-09
70,Noah Taylor,noah.taylor70@example.com,+212635073487,https://www.company70.com,Fes,53584,2013-11-28
71,Omar Smith,omar.smith71@example.com,+212685490911,https://www.company71.com,Marrakech,18996,1997-03-07
72,Emma Lee,emma.lee72@example.com,123ABC,https://www.company72.com,Tangier,56209,1980-04-26
73,Noah Martin,noah.martin73@example.com,+212659749934,https://www.company73.com,Agadir,16564,1993-06-28
74,David Johnson,david.johnson74@example.com,+212611231260,https://www.company74.com,Agadir,47286,1978-04-09
75,Noah Lee,invalid-email,+212657457544,https://www.company75.com,Fes,53547,1976-04-15
76,Mia Martin,mia.martin76@example.com,+212684401782,https://www.company76.com,Agadir,40324,1974-01-03
77,John Taylor,john.taylor77@example.com,+212689036807,https://www.company77.com,Tangier,14689,1991-04-25
78,Sara Johnson,sara.johnson78@example.com,+212625397957,https://www.company78.com,Marrakech,35150,1979-01-10
79,Lina Lee,lina.lee79@example.com,+212661520536,https://www.company79.com,Tangier,24574,1984-04-23
80,John Hassan,john.hassan80@example.com,+212640636169,htp:/bad,Casablanca,47628,1970-12-24
81,Omar Johnson,omar.johnson81@example.com,+212616361541,https://www.company81.com,Agadir,98523,2014-07-24
82,David Hassan,david.hassan82@example.com,+212699087169,https://www.company82.com,Casablanca,10510,1983-12-29
83,David Smith,david.smith83@example.com,+212655439547,https://www.company83.com,Fes,76494,1986-01-24
84,Noah Taylor,noah.taylor84@example.com,+212674738339,https://www.company84.com,Marrakech,99945,2013-06-08
85,Sara Lee,sara.lee85@example.com,+212631820284,https://www.company85.com,Fes,ZZ999,2017-09-09
86,Noah Smith,noah.smith86@example.com,+212644602626,https://www.company86.com,Casablanca,93125,1974-11-04
87,David Brown,david.brown87@example.com,+212676763292,https://www.company87.com,Marrakech,22950,1986-05-23
88,Ali Lee,ali.lee88@example.com,+212638455260,https://www.company88.com,Agadir,67225,2026-99-99
89,Noah Smith,noah.smith89@example.com,+212695017306,https://www.company89.com,Tangier,90278,1999-01-17
90,Sara Taylor,invalid-email,123ABC,https://www.company90.com,Marrakech,27673,1979-06-22
91,David Wilson,david.wilson91@example.com,+212660890218,https://www.company91.com,Rabat,47285,1972-05-13
92,Sara Taylor,sara.taylor92@example.com,+212655066845,https://www.company92.com,Agadir,56067,1982-12-04
93,Emma Martin,emma.martin93@example.com,+212658415331,https://www.company93.com,Casablanca,80366,2009-02-02
94,Emma Lee,emma.lee94@example.com,+212637816346,https://www.company94.com,Rabat,48624,2002-10-07
95,Ali Smith,ali.smith95@example.com,+212650529719,https://www.company95.com,Fes,78761,2017-10-14
96,Emma Johnson,emma.johnson96@example.com,+212686808065,https://www.company96.com,Rabat,82259,2001-11-24
97,Noah Garcia,noah.garcia97@example.com,+212675046541,https://www.company97.com,Agadir,23825,2003-06-07
98,Sara Khan,sara.khan98@example.com,+212670892364,https://www.company98.com,Fes,73541,1998-06-09
99,Sara Taylor,sara.taylor99@example.com,+212641914923,https://www.company99.com,Marrakech,73940,1994-03-13
100,Sara Lee,sara.lee100@example.com,+212612026329,htp:/bad,Casablanca,24960,1994-06-30
